{
    "peliculas": [
        {
            "id": 1,
            "titulo": "La guerra de las galaxias: Episodio 1-La amenaza fantasma",
            "poster": "img/guerraepisodio1.jpg",
            "director": "George Lucas",
            "precio": 18.99,
            "categoria": "Aventura",
            "a\u00f1o": 1999,
            "valoraciones": 35,
            "puntuacion": 3.94,
            "stock": 21,
            "actores": [
                {
                    "nombre": "Jake Lloyd",
                    "personaje": "Anakin Skywalker",
                    "foto": "img/anakin.jpg"
                },
                {
                    "nombre": "Ewan McGregor",
                    "personaje": "Obi-Wan Kenobi",
                    "foto": "img/Ewan_McGregor_Cannes_2012.jpg"
                },
                {
                    "nombre": "Liam neeson",
                    "personaje": "Qui-Gon Jinn",
                    "foto": "img/Liam_Neeson_Deauville_2012_2.jpg"
                }
            ],
            "cantidad": 1
        },
        {
            "id": 2,
            "titulo": "Kika Superbruja y el libro de hechizos ",
            "poster": "img/kikasuperbruja.jpg",
            "director": "Stefan Ruzowitzky",
            "precio": 18.99,
            "categoria": "Fantasia",
            "a\u00f1o": 2009,
            "valoraciones": 2,
            "puntuacion": 5.0,
            "stock": 0,
            "actores": [
                {
                    "nombre": "Alina Freund ",
                    "personaje": "Lilly",
                    "foto": "img/Lilly.jpg"
                },
                {
                    "nombre": "Sami Herzog",
                    "personaje": "Leon",
                    "foto": "img/Leon.jpg"
                },
                {
                    "nombre": "Pilar bardem",
                    "personaje": "Surulunda",
                    "foto": "img/bardem.jpg"
                }
            ],
            "cantidad": 20
        },
        {
            "id": 3,
            "titulo": "Kill Bill 1",
            "poster": "img/killbill1.jpg",
            "director": "Quentin Tarantino",
            "precio": 18.99,
            "categoria": "Accion",
            "a\u00f1o": 2003,
            "valoraciones": 5,
            "puntuacion": 3.4,
            "stock": 20,
            "actores": [
                {
                    "nombre": "Uma Thurman",
                    "personaje": "La novia",
                    "foto": "img/uma.jpg"
                },
                {
                    "nombre": "Lucy Liu",
                    "personaje": "O-Ren Ishii",
                    "foto": "img/Lucy_Liu_Cannes_2008.jpg"
                },
                {
                    "nombre": "John Arthur Carradine ",
                    "personaje": "Bill",
                    "foto": "img/john.jpg"
                }
            ],
            "cantidad": 1
        },
        {
            "id": 4,
            "titulo": "Kill Bill 2",
            "poster": "img/killbill2.jpg",
            "director": "Quentin Tarantino",
            "precio": 18.99,
            "categoria": "Accion",
            "a\u00f1o": 2004,
            "valoraciones": 0,
            "puntuacion": 0,
            "stock": 20,
            "actores": [
                {
                    "nombre": "Uma Thurman",
                    "personaje": "La novia",
                    "foto": "img/uma.jpg"
                },
                {
                    "nombre": "Lucy Liu",
                    "personaje": "O-Ren Ishii",
                    "foto": "img/Lucy_Liu_Cannes_2008.jpg"
                },
                {
                    "nombre": "John Arthur Carradine ",
                    "personaje": "Bill",
                    "foto": "img/john.jpg"
                }
            ]
        },
        {
            "id": 5,
            "titulo": "Coraline",
            "poster": "img/coraline.jpg",
            "director": "Henry Selick",
            "precio": 18.99,
            "categoria": "Terror",
            "a\u00f1o": 2009,
            "valoraciones": 1,
            "puntuacion": 4.0,
            "stock": 20,
            "actores": [
                {
                    "nombre": "Hannah Dakota Fanning",
                    "personaje": "Caroline",
                    "foto": "img/Dakota.jpg"
                },
                {
                    "nombre": "Teri Lynn Hatcher ",
                    "personaje": "Mama",
                    "foto": "img/Teri.jpg"
                },
                {
                    "nombre": "Jennifer Jane Saunders",
                    "personaje": "Se\u00f1orita Spreegan",
                    "foto": "img/Jennifer.jpg"
                }
            ]
        },
        {
            "id": 6,
            "titulo": "La Novia Cadaver",
            "poster": "img/lanoviacadaver.jpg",
            "director": "Tim Burton",
            "precio": 18.99,
            "categoria": "Terror",
            "a\u00f1o": 2005,
            "valoraciones": 0,
            "puntuacion": 0,
            "stock": 20,
            "actores": [
                {
                    "nombre": "Helena Bonham Carter",
                    "personaje": "Emily",
                    "foto": "img/Helena.jpg"
                },
                {
                    "nombre": "Johnny Depp",
                    "personaje": "Victor",
                    "foto": "img/Johnny_Depp_2020.jpg"
                },
                {
                    "nombre": "Emily Margaret Watson ",
                    "personaje": "Victoria",
                    "foto": "img/Emily.jpg"
                }
            ]
        },
        {
            "id": 7,
            "titulo": "Barbie y las 12 princesas bailarinas",
            "poster": "img/barbieylas12.jpg",
            "director": "Greg Richardson",
            "precio": 18.99,
            "categoria": "Fantas\u00eda",
            "a\u00f1o": 1999,
            "valoraciones": 0,
            "puntuacion": 0,
            "stock": 20,
            "actores": [
                {
                    "nombre": "Peter Kelamis",
                    "personaje": "Sentry",
                    "foto": "img/Peter_Kelamis.jpg"
                },
                {
                    "nombre": "Catherine Anne O'Hara",
                    "personaje": "Rowena",
                    "foto": "img/CATHERINE_OHARA.jpg"
                },
                {
                    "nombre": "Nicole Lyn Oliver",
                    "personaje": "Ashlyn",
                    "foto": "img/Nicole_Oliver_2013.jpg"
                }
            ]
        }
    ]
}